Country name,indicator,value
Finland,Happiness score,7.842
Denmark,Happiness score,7.62
Switzerland,Happiness score,7.571
Iceland,Happiness score,7.554
Netherlands,Happiness score,7.464
Norway,Happiness score,7.392
Sweden,Happiness score,7.363
Luxembourg,Happiness score,7.324
New Zealand,Happiness score,7.277
Austria,Happiness score,7.268
Australia,Happiness score,7.183
Israel,Happiness score,7.157
Germany,Happiness score,7.155
Canada,Happiness score,7.103
Ireland,Happiness score,7.085
Costa Rica,Happiness score,7.069
United Kingdom,Happiness score,7.064
Czech Republic,Happiness score,6.965
United States,Happiness score,6.951
Belgium,Happiness score,6.834
France,Happiness score,6.69
Bahrain,Happiness score,6.647
Malta,Happiness score,6.602
United Arab Emirates,Happiness score,6.561
Saudi Arabia,Happiness score,6.494
Spain,Happiness score,6.491
Italy,Happiness score,6.483
Slovenia,Happiness score,6.461
Guatemala,Happiness score,6.435
Uruguay,Happiness score,6.431
Singapore,Happiness score,6.377
Slovakia,Happiness score,6.331
Brazil,Happiness score,6.33
Mexico,Happiness score,6.317
Jamaica,Happiness score,6.309
Lithuania,Happiness score,6.255
Cyprus,Happiness score,6.223
Estonia,Happiness score,6.189
Panama,Happiness score,6.18
Uzbekistan,Happiness score,6.179
Chile,Happiness score,6.172
Poland,Happiness score,6.166
Kazakhstan,Happiness score,6.152
Romania,Happiness score,6.14
Kuwait,Happiness score,6.106
Serbia,Happiness score,6.078
El Salvador,Happiness score,6.061
Mauritius,Happiness score,6.049
Latvia,Happiness score,6.032
Colombia,Happiness score,6.012
Hungary,Happiness score,5.992
Thailand,Happiness score,5.985
Nicaragua,Happiness score,5.972
Japan,Happiness score,5.94
Argentina,Happiness score,5.929
Portugal,Happiness score,5.929
Honduras,Happiness score,5.919
Croatia,Happiness score,5.882
Philippines,Happiness score,5.88
South Korea,Happiness score,5.845
Peru,Happiness score,5.84
Bosnia and Herzegovina,Happiness score,5.813
Moldova,Happiness score,5.766
Ecuador,Happiness score,5.764
Kyrgyzstan,Happiness score,5.744
Greece,Happiness score,5.723
Bolivia,Happiness score,5.716
Mongolia,Happiness score,5.677
Paraguay,Happiness score,5.653
Montenegro,Happiness score,5.581
Dominican Republic,Happiness score,5.545
Belarus,Happiness score,5.534
Russia,Happiness score,5.477
Hong Kong S.A.R. of China,Happiness score,5.477
Tajikistan,Happiness score,5.466
Vietnam,Happiness score,5.411
Libya,Happiness score,5.41
Malaysia,Happiness score,5.384
Indonesia,Happiness score,5.345
Congo (Brazzaville),Happiness score,5.342
China,Happiness score,5.339
Ivory Coast,Happiness score,5.306
Armenia,Happiness score,5.283
Nepal,Happiness score,5.269
Bulgaria,Happiness score,5.266
Maldives,Happiness score,5.198
Azerbaijan,Happiness score,5.171
Cameroon,Happiness score,5.142
Senegal,Happiness score,5.132
Albania,Happiness score,5.117
North Macedonia,Happiness score,5.101
Ghana,Happiness score,5.088
Niger,Happiness score,5.074
Turkmenistan,Happiness score,5.066
Gambia,Happiness score,5.051
Benin,Happiness score,5.045
Laos,Happiness score,5.03
Bangladesh,Happiness score,5.025
Guinea,Happiness score,4.984
South Africa,Happiness score,4.956
Turkey,Happiness score,4.948
Pakistan,Happiness score,4.934
Morocco,Happiness score,4.918
Venezuela,Happiness score,4.892
Georgia,Happiness score,4.891
Algeria,Happiness score,4.887
Ukraine,Happiness score,4.875
Iraq,Happiness score,4.854
Gabon,Happiness score,4.852
Burkina Faso,Happiness score,4.834
Cambodia,Happiness score,4.83
Mozambique,Happiness score,4.794
Nigeria,Happiness score,4.759
Mali,Happiness score,4.723
Iran,Happiness score,4.721
Uganda,Happiness score,4.636
Liberia,Happiness score,4.625
Kenya,Happiness score,4.607
Tunisia,Happiness score,4.596
Lebanon,Happiness score,4.584
Namibia,Happiness score,4.574
Myanmar,Happiness score,4.426
Jordan,Happiness score,4.395
Chad,Happiness score,4.355
Sri Lanka,Happiness score,4.325
Swaziland,Happiness score,4.308
Comoros,Happiness score,4.289
Egypt,Happiness score,4.283
Ethiopia,Happiness score,4.275
Mauritania,Happiness score,4.227
Madagascar,Happiness score,4.208
Togo,Happiness score,4.107
Zambia,Happiness score,4.073
Sierra Leone,Happiness score,3.849
India,Happiness score,3.819
Burundi,Happiness score,3.775
Yemen,Happiness score,3.658
Tanzania,Happiness score,3.623
Haiti,Happiness score,3.615
Malawi,Happiness score,3.6
Lesotho,Happiness score,3.512
Botswana,Happiness score,3.467
Rwanda,Happiness score,3.415
Zimbabwe,Happiness score,3.145
Afghanistan,Happiness score,2.523
Finland,Logged GDP per capita,10.775
Denmark,Logged GDP per capita,10.933
Switzerland,Logged GDP per capita,11.117
Iceland,Logged GDP per capita,10.878
Netherlands,Logged GDP per capita,10.932
Norway,Logged GDP per capita,11.053
Sweden,Logged GDP per capita,10.867
Luxembourg,Logged GDP per capita,11.647
New Zealand,Logged GDP per capita,10.643
Austria,Logged GDP per capita,10.906
Australia,Logged GDP per capita,10.796
Israel,Logged GDP per capita,10.575
Germany,Logged GDP per capita,10.873
Canada,Logged GDP per capita,10.776
Ireland,Logged GDP per capita,11.342
Costa Rica,Logged GDP per capita,9.88
United Kingdom,Logged GDP per capita,10.707
Czech Republic,Logged GDP per capita,10.556
United States,Logged GDP per capita,11.023
Belgium,Logged GDP per capita,10.823
France,Logged GDP per capita,10.704
Bahrain,Logged GDP per capita,10.669
Malta,Logged GDP per capita,10.674
United Arab Emirates,Logged GDP per capita,11.085
Saudi Arabia,Logged GDP per capita,10.743
Spain,Logged GDP per capita,10.571
Italy,Logged GDP per capita,10.623
Slovenia,Logged GDP per capita,10.529
Guatemala,Logged GDP per capita,9.053
Uruguay,Logged GDP per capita,9.966
Singapore,Logged GDP per capita,11.488
Slovakia,Logged GDP per capita,10.369
Brazil,Logged GDP per capita,9.577
Mexico,Logged GDP per capita,9.859
Jamaica,Logged GDP per capita,9.186
Lithuania,Logged GDP per capita,10.499
Cyprus,Logged GDP per capita,10.576
Estonia,Logged GDP per capita,10.481
Panama,Logged GDP per capita,10.35
Uzbekistan,Logged GDP per capita,8.836
Chile,Logged GDP per capita,10.071
Poland,Logged GDP per capita,10.382
Kazakhstan,Logged GDP per capita,10.155
Romania,Logged GDP per capita,10.284
Kuwait,Logged GDP per capita,10.817
Serbia,Logged GDP per capita,9.787
El Salvador,Logged GDP per capita,9.054
Mauritius,Logged GDP per capita,10.008
Latvia,Logged GDP per capita,10.315
Colombia,Logged GDP per capita,9.557
Hungary,Logged GDP per capita,10.358
Thailand,Logged GDP per capita,9.805
Nicaragua,Logged GDP per capita,8.62
Japan,Logged GDP per capita,10.611
Argentina,Logged GDP per capita,9.962
Portugal,Logged GDP per capita,10.421
Honduras,Logged GDP per capita,8.648
Croatia,Logged GDP per capita,10.217
Philippines,Logged GDP per capita,9.076
South Korea,Logged GDP per capita,10.651
Peru,Logged GDP per capita,9.458
Bosnia and Herzegovina,Logged GDP per capita,9.59
Moldova,Logged GDP per capita,9.454
Ecuador,Logged GDP per capita,9.313
Kyrgyzstan,Logged GDP per capita,8.538
Greece,Logged GDP per capita,10.279
Bolivia,Logged GDP per capita,9.046
Mongolia,Logged GDP per capita,9.4
Paraguay,Logged GDP per capita,9.448
Montenegro,Logged GDP per capita,9.94
Dominican Republic,Logged GDP per capita,9.802
Belarus,Logged GDP per capita,9.853
Russia,Logged GDP per capita,10.189
Hong Kong S.A.R. of China,Logged GDP per capita,11.0
Tajikistan,Logged GDP per capita,8.091
Vietnam,Logged GDP per capita,8.973
Libya,Logged GDP per capita,9.622
Malaysia,Logged GDP per capita,10.238
Indonesia,Logged GDP per capita,9.365
Congo (Brazzaville),Logged GDP per capita,8.117
China,Logged GDP per capita,9.673
Ivory Coast,Logged GDP per capita,8.551
Armenia,Logged GDP per capita,9.487
Nepal,Logged GDP per capita,8.12
Bulgaria,Logged GDP per capita,10.016
Maldives,Logged GDP per capita,9.826
Azerbaijan,Logged GDP per capita,9.569
Cameroon,Logged GDP per capita,8.189
Senegal,Logged GDP per capita,8.118
Albania,Logged GDP per capita,9.52
North Macedonia,Logged GDP per capita,9.693
Ghana,Logged GDP per capita,8.58
Niger,Logged GDP per capita,7.098
Turkmenistan,Logged GDP per capita,9.629
Gambia,Logged GDP per capita,7.686
Benin,Logged GDP per capita,8.087
Laos,Logged GDP per capita,8.947
Bangladesh,Logged GDP per capita,8.454
Guinea,Logged GDP per capita,7.838
South Africa,Logged GDP per capita,9.403
Turkey,Logged GDP per capita,10.24
Pakistan,Logged GDP per capita,8.458
Morocco,Logged GDP per capita,8.903
Venezuela,Logged GDP per capita,9.073
Georgia,Logged GDP per capita,9.585
Algeria,Logged GDP per capita,9.342
Ukraine,Logged GDP per capita,9.436
Iraq,Logged GDP per capita,9.24
Gabon,Logged GDP per capita,9.603
Burkina Faso,Logged GDP per capita,7.678
Cambodia,Logged GDP per capita,8.36
Mozambique,Logged GDP per capita,7.158
Nigeria,Logged GDP per capita,8.533
Mali,Logged GDP per capita,7.744
Iran,Logged GDP per capita,9.584
Uganda,Logged GDP per capita,7.677
Liberia,Logged GDP per capita,7.288
Kenya,Logged GDP per capita,8.361
Tunisia,Logged GDP per capita,9.266
Lebanon,Logged GDP per capita,9.626
Namibia,Logged GDP per capita,9.161
Myanmar,Logged GDP per capita,8.541
Jordan,Logged GDP per capita,9.182
Chad,Logged GDP per capita,7.364
Sri Lanka,Logged GDP per capita,9.47
Swaziland,Logged GDP per capita,9.065
Comoros,Logged GDP per capita,8.031
Egypt,Logged GDP per capita,9.367
Ethiopia,Logged GDP per capita,7.694
Mauritania,Logged GDP per capita,8.542
Madagascar,Logged GDP per capita,7.396
Togo,Logged GDP per capita,7.362
Zambia,Logged GDP per capita,8.145
Sierra Leone,Logged GDP per capita,7.434
India,Logged GDP per capita,8.755
Burundi,Logged GDP per capita,6.635
Yemen,Logged GDP per capita,7.578
Tanzania,Logged GDP per capita,7.876
Haiti,Logged GDP per capita,7.477
Malawi,Logged GDP per capita,6.958
Lesotho,Logged GDP per capita,7.926
Botswana,Logged GDP per capita,9.782
Rwanda,Logged GDP per capita,7.676
Zimbabwe,Logged GDP per capita,7.943
Afghanistan,Logged GDP per capita,7.695
Finland,Social support,0.954
Denmark,Social support,0.954
Switzerland,Social support,0.942
Iceland,Social support,0.983
Netherlands,Social support,0.942
Norway,Social support,0.954
Sweden,Social support,0.934
Luxembourg,Social support,0.908
New Zealand,Social support,0.948
Austria,Social support,0.934
Australia,Social support,0.94
Israel,Social support,0.939
Germany,Social support,0.903
Canada,Social support,0.926
Ireland,Social support,0.947
Costa Rica,Social support,0.891
United Kingdom,Social support,0.934
Czech Republic,Social support,0.947
United States,Social support,0.92
Belgium,Social support,0.906
France,Social support,0.942
Bahrain,Social support,0.862
Malta,Social support,0.931
United Arab Emirates,Social support,0.844
Saudi Arabia,Social support,0.891
Spain,Social support,0.932
Italy,Social support,0.88
Slovenia,Social support,0.948
Guatemala,Social support,0.813
Uruguay,Social support,0.925
Singapore,Social support,0.915
Slovakia,Social support,0.936
Brazil,Social support,0.882
Mexico,Social support,0.831
Jamaica,Social support,0.877
Lithuania,Social support,0.935
Cyprus,Social support,0.802
Estonia,Social support,0.941
Panama,Social support,0.896
Uzbekistan,Social support,0.918
Chile,Social support,0.882
Poland,Social support,0.898
Kazakhstan,Social support,0.952
Romania,Social support,0.832
Kuwait,Social support,0.843
Serbia,Social support,0.873
El Salvador,Social support,0.762
Mauritius,Social support,0.905
Latvia,Social support,0.927
Colombia,Social support,0.847
Hungary,Social support,0.943
Thailand,Social support,0.888
Nicaragua,Social support,0.864
Japan,Social support,0.884
Argentina,Social support,0.898
Portugal,Social support,0.879
Honduras,Social support,0.812
Croatia,Social support,0.924
Philippines,Social support,0.83
South Korea,Social support,0.799
Peru,Social support,0.832
Bosnia and Herzegovina,Social support,0.87
Moldova,Social support,0.857
Ecuador,Social support,0.821
Kyrgyzstan,Social support,0.893
Greece,Social support,0.823
Bolivia,Social support,0.81
Mongolia,Social support,0.935
Paraguay,Social support,0.893
Montenegro,Social support,0.858
Dominican Republic,Social support,0.853
Belarus,Social support,0.91
Russia,Social support,0.903
Hong Kong S.A.R. of China,Social support,0.836
Tajikistan,Social support,0.86
Vietnam,Social support,0.85
Libya,Social support,0.827
Malaysia,Social support,0.817
Indonesia,Social support,0.811
Congo (Brazzaville),Social support,0.636
China,Social support,0.811
Ivory Coast,Social support,0.644
Armenia,Social support,0.799
Nepal,Social support,0.774
Bulgaria,Social support,0.931
Maldives,Social support,0.913
Azerbaijan,Social support,0.836
Cameroon,Social support,0.71
Senegal,Social support,0.71
Albania,Social support,0.697
North Macedonia,Social support,0.805
Ghana,Social support,0.727
Niger,Social support,0.641
Turkmenistan,Social support,0.983
Gambia,Social support,0.69
Benin,Social support,0.489
Laos,Social support,0.728
Bangladesh,Social support,0.693
Guinea,Social support,0.639
South Africa,Social support,0.86
Turkey,Social support,0.822
Pakistan,Social support,0.651
Morocco,Social support,0.56
Venezuela,Social support,0.861
Georgia,Social support,0.671
Algeria,Social support,0.802
Ukraine,Social support,0.888
Iraq,Social support,0.746
Gabon,Social support,0.776
Burkina Faso,Social support,0.672
Cambodia,Social support,0.765
Mozambique,Social support,0.744
Nigeria,Social support,0.74
Mali,Social support,0.724
Iran,Social support,0.71
Uganda,Social support,0.781
Liberia,Social support,0.72
Kenya,Social support,0.688
Tunisia,Social support,0.691
Lebanon,Social support,0.848
Namibia,Social support,0.818
Myanmar,Social support,0.779
Jordan,Social support,0.767
Chad,Social support,0.619
Sri Lanka,Social support,0.827
Swaziland,Social support,0.77
Comoros,Social support,0.626
Egypt,Social support,0.75
Ethiopia,Social support,0.764
Mauritania,Social support,0.795
Madagascar,Social support,0.686
Togo,Social support,0.569
Zambia,Social support,0.708
Sierra Leone,Social support,0.63
India,Social support,0.603
Burundi,Social support,0.49
Yemen,Social support,0.832
Tanzania,Social support,0.702
Haiti,Social support,0.54
Malawi,Social support,0.537
Lesotho,Social support,0.787
Botswana,Social support,0.784
Rwanda,Social support,0.552
Zimbabwe,Social support,0.75
Afghanistan,Social support,0.463
Finland,Healthy life expectancy,72.0
Denmark,Healthy life expectancy,72.7
Switzerland,Healthy life expectancy,74.4
Iceland,Healthy life expectancy,73.0
Netherlands,Healthy life expectancy,72.4
Norway,Healthy life expectancy,73.3
Sweden,Healthy life expectancy,72.7
Luxembourg,Healthy life expectancy,72.6
New Zealand,Healthy life expectancy,73.4
Austria,Healthy life expectancy,73.3
Australia,Healthy life expectancy,73.9
Israel,Healthy life expectancy,73.503
Germany,Healthy life expectancy,72.5
Canada,Healthy life expectancy,73.8
Ireland,Healthy life expectancy,72.4
Costa Rica,Healthy life expectancy,71.4
United Kingdom,Healthy life expectancy,72.5
Czech Republic,Healthy life expectancy,70.807
United States,Healthy life expectancy,68.2
Belgium,Healthy life expectancy,72.199
France,Healthy life expectancy,74.0
Bahrain,Healthy life expectancy,69.495
Malta,Healthy life expectancy,72.2
United Arab Emirates,Healthy life expectancy,67.333
Saudi Arabia,Healthy life expectancy,66.603
Spain,Healthy life expectancy,74.7
Italy,Healthy life expectancy,73.8
Slovenia,Healthy life expectancy,71.4
Guatemala,Healthy life expectancy,64.958
Uruguay,Healthy life expectancy,69.1
Singapore,Healthy life expectancy,76.953
Slovakia,Healthy life expectancy,69.201
Brazil,Healthy life expectancy,66.601
Mexico,Healthy life expectancy,68.597
Jamaica,Healthy life expectancy,67.5
Lithuania,Healthy life expectancy,67.906
Cyprus,Healthy life expectancy,73.898
Estonia,Healthy life expectancy,68.8
Panama,Healthy life expectancy,69.652
Uzbekistan,Healthy life expectancy,65.255
Chile,Healthy life expectancy,70.0
Poland,Healthy life expectancy,69.702
Kazakhstan,Healthy life expectancy,65.2
Romania,Healthy life expectancy,67.355
Kuwait,Healthy life expectancy,66.9
Serbia,Healthy life expectancy,68.6
El Salvador,Healthy life expectancy,66.402
Mauritius,Healthy life expectancy,66.701
Latvia,Healthy life expectancy,67.1
Colombia,Healthy life expectancy,68.001
Hungary,Healthy life expectancy,68.0
Thailand,Healthy life expectancy,67.401
Nicaragua,Healthy life expectancy,67.657
Japan,Healthy life expectancy,75.1
Argentina,Healthy life expectancy,69.0
Portugal,Healthy life expectancy,72.6
Honduras,Healthy life expectancy,67.3
Croatia,Healthy life expectancy,70.799
Philippines,Healthy life expectancy,62.0
South Korea,Healthy life expectancy,73.9
Peru,Healthy life expectancy,68.25
Bosnia and Herzegovina,Healthy life expectancy,68.098
Moldova,Healthy life expectancy,65.699
Ecuador,Healthy life expectancy,68.8
Kyrgyzstan,Healthy life expectancy,64.401
Greece,Healthy life expectancy,72.6
Bolivia,Healthy life expectancy,63.901
Mongolia,Healthy life expectancy,62.5
Paraguay,Healthy life expectancy,65.9
Montenegro,Healthy life expectancy,68.699
Dominican Republic,Healthy life expectancy,66.102
Belarus,Healthy life expectancy,66.253
Russia,Healthy life expectancy,64.703
Hong Kong S.A.R. of China,Healthy life expectancy,76.82
Tajikistan,Healthy life expectancy,64.281
Vietnam,Healthy life expectancy,68.034
Libya,Healthy life expectancy,62.3
Malaysia,Healthy life expectancy,67.102
Indonesia,Healthy life expectancy,62.236
Congo (Brazzaville),Healthy life expectancy,58.221
China,Healthy life expectancy,69.593
Ivory Coast,Healthy life expectancy,50.114
Armenia,Healthy life expectancy,67.055
Nepal,Healthy life expectancy,64.233
Bulgaria,Healthy life expectancy,67.0
Maldives,Healthy life expectancy,70.6
Azerbaijan,Healthy life expectancy,65.656
Cameroon,Healthy life expectancy,53.515
Senegal,Healthy life expectancy,59.802
Albania,Healthy life expectancy,68.999
North Macedonia,Healthy life expectancy,65.474
Ghana,Healthy life expectancy,57.586
Niger,Healthy life expectancy,53.78
Turkmenistan,Healthy life expectancy,62.409
Gambia,Healthy life expectancy,55.16
Benin,Healthy life expectancy,54.713
Laos,Healthy life expectancy,58.968
Bangladesh,Healthy life expectancy,64.8
Guinea,Healthy life expectancy,55.008
South Africa,Healthy life expectancy,56.904
Turkey,Healthy life expectancy,67.199
Pakistan,Healthy life expectancy,58.709
Morocco,Healthy life expectancy,66.208
Venezuela,Healthy life expectancy,66.7
Georgia,Healthy life expectancy,64.3
Algeria,Healthy life expectancy,66.005
Ukraine,Healthy life expectancy,64.902
Iraq,Healthy life expectancy,60.583
Gabon,Healthy life expectancy,59.962
Burkina Faso,Healthy life expectancy,54.151
Cambodia,Healthy life expectancy,62.0
Mozambique,Healthy life expectancy,54.706
Nigeria,Healthy life expectancy,50.102
Mali,Healthy life expectancy,51.969
Iran,Healthy life expectancy,66.3
Uganda,Healthy life expectancy,56.101
Liberia,Healthy life expectancy,56.498
Kenya,Healthy life expectancy,60.704
Tunisia,Healthy life expectancy,67.201
Lebanon,Healthy life expectancy,67.355
Namibia,Healthy life expectancy,56.799
Myanmar,Healthy life expectancy,59.302
Jordan,Healthy life expectancy,67.0
Chad,Healthy life expectancy,48.478
Sri Lanka,Healthy life expectancy,67.299
Swaziland,Healthy life expectancy,50.833
Comoros,Healthy life expectancy,57.349
Egypt,Healthy life expectancy,61.998
Ethiopia,Healthy life expectancy,59.0
Mauritania,Healthy life expectancy,57.161
Madagascar,Healthy life expectancy,59.305
Togo,Healthy life expectancy,54.914
Zambia,Healthy life expectancy,55.809
Sierra Leone,Healthy life expectancy,51.651
India,Healthy life expectancy,60.633
Burundi,Healthy life expectancy,53.4
Yemen,Healthy life expectancy,57.122
Tanzania,Healthy life expectancy,57.999
Haiti,Healthy life expectancy,55.7
Malawi,Healthy life expectancy,57.948
Lesotho,Healthy life expectancy,48.7
Botswana,Healthy life expectancy,59.269
Rwanda,Healthy life expectancy,61.4
Zimbabwe,Healthy life expectancy,56.201
Afghanistan,Healthy life expectancy,52.493
Finland,Freedom to make life choices,0.949
Denmark,Freedom to make life choices,0.946
Switzerland,Freedom to make life choices,0.919
Iceland,Freedom to make life choices,0.955
Netherlands,Freedom to make life choices,0.913
Norway,Freedom to make life choices,0.96
Sweden,Freedom to make life choices,0.945
Luxembourg,Freedom to make life choices,0.907
New Zealand,Freedom to make life choices,0.929
Austria,Freedom to make life choices,0.908
Australia,Freedom to make life choices,0.914
Israel,Freedom to make life choices,0.8
Germany,Freedom to make life choices,0.875
Canada,Freedom to make life choices,0.915
Ireland,Freedom to make life choices,0.879
Costa Rica,Freedom to make life choices,0.934
United Kingdom,Freedom to make life choices,0.859
Czech Republic,Freedom to make life choices,0.858
United States,Freedom to make life choices,0.837
Belgium,Freedom to make life choices,0.783
France,Freedom to make life choices,0.822
Bahrain,Freedom to make life choices,0.925
Malta,Freedom to make life choices,0.927
United Arab Emirates,Freedom to make life choices,0.932
Saudi Arabia,Freedom to make life choices,0.877
Spain,Freedom to make life choices,0.761
Italy,Freedom to make life choices,0.693
Slovenia,Freedom to make life choices,0.949
Guatemala,Freedom to make life choices,0.906
Uruguay,Freedom to make life choices,0.896
Singapore,Freedom to make life choices,0.927
Slovakia,Freedom to make life choices,0.766
Brazil,Freedom to make life choices,0.804
Mexico,Freedom to make life choices,0.862
Jamaica,Freedom to make life choices,0.89
Lithuania,Freedom to make life choices,0.773
Cyprus,Freedom to make life choices,0.763
Estonia,Freedom to make life choices,0.909
Panama,Freedom to make life choices,0.872
Uzbekistan,Freedom to make life choices,0.97
Chile,Freedom to make life choices,0.742
Poland,Freedom to make life choices,0.841
Kazakhstan,Freedom to make life choices,0.853
Romania,Freedom to make life choices,0.845
Kuwait,Freedom to make life choices,0.867
Serbia,Freedom to make life choices,0.778
El Salvador,Freedom to make life choices,0.888
Mauritius,Freedom to make life choices,0.867
Latvia,Freedom to make life choices,0.715
Colombia,Freedom to make life choices,0.837
Hungary,Freedom to make life choices,0.755
Thailand,Freedom to make life choices,0.884
Nicaragua,Freedom to make life choices,0.836
Japan,Freedom to make life choices,0.796
Argentina,Freedom to make life choices,0.828
Portugal,Freedom to make life choices,0.892
Honduras,Freedom to make life choices,0.857
Croatia,Freedom to make life choices,0.754
Philippines,Freedom to make life choices,0.917
South Korea,Freedom to make life choices,0.672
Peru,Freedom to make life choices,0.822
Bosnia and Herzegovina,Freedom to make life choices,0.706
Moldova,Freedom to make life choices,0.822
Ecuador,Freedom to make life choices,0.842
Kyrgyzstan,Freedom to make life choices,0.935
Greece,Freedom to make life choices,0.582
Bolivia,Freedom to make life choices,0.875
Mongolia,Freedom to make life choices,0.708
Paraguay,Freedom to make life choices,0.876
Montenegro,Freedom to make life choices,0.708
Dominican Republic,Freedom to make life choices,0.86
Belarus,Freedom to make life choices,0.65
Russia,Freedom to make life choices,0.718
Hong Kong S.A.R. of China,Freedom to make life choices,0.717
Tajikistan,Freedom to make life choices,0.832
Vietnam,Freedom to make life choices,0.94
Libya,Freedom to make life choices,0.771
Malaysia,Freedom to make life choices,0.895
Indonesia,Freedom to make life choices,0.873
Congo (Brazzaville),Freedom to make life choices,0.695
China,Freedom to make life choices,0.904
Ivory Coast,Freedom to make life choices,0.741
Armenia,Freedom to make life choices,0.825
Nepal,Freedom to make life choices,0.782
Bulgaria,Freedom to make life choices,0.788
Maldives,Freedom to make life choices,0.854
Azerbaijan,Freedom to make life choices,0.814
Cameroon,Freedom to make life choices,0.731
Senegal,Freedom to make life choices,0.695
Albania,Freedom to make life choices,0.785
North Macedonia,Freedom to make life choices,0.751
Ghana,Freedom to make life choices,0.807
Niger,Freedom to make life choices,0.806
Turkmenistan,Freedom to make life choices,0.877
Gambia,Freedom to make life choices,0.697
Benin,Freedom to make life choices,0.757
Laos,Freedom to make life choices,0.91
Bangladesh,Freedom to make life choices,0.877
Guinea,Freedom to make life choices,0.697
South Africa,Freedom to make life choices,0.749
Turkey,Freedom to make life choices,0.576
Pakistan,Freedom to make life choices,0.726
Morocco,Freedom to make life choices,0.774
Venezuela,Freedom to make life choices,0.615
Georgia,Freedom to make life choices,0.783
Algeria,Freedom to make life choices,0.48
Ukraine,Freedom to make life choices,0.724
Iraq,Freedom to make life choices,0.63
Gabon,Freedom to make life choices,0.731
Burkina Faso,Freedom to make life choices,0.695
Cambodia,Freedom to make life choices,0.959
Mozambique,Freedom to make life choices,0.882
Nigeria,Freedom to make life choices,0.737
Mali,Freedom to make life choices,0.697
Iran,Freedom to make life choices,0.608
Uganda,Freedom to make life choices,0.709
Liberia,Freedom to make life choices,0.735
Kenya,Freedom to make life choices,0.779
Tunisia,Freedom to make life choices,0.656
Lebanon,Freedom to make life choices,0.525
Namibia,Freedom to make life choices,0.719
Myanmar,Freedom to make life choices,0.876
Jordan,Freedom to make life choices,0.755
Chad,Freedom to make life choices,0.579
Sri Lanka,Freedom to make life choices,0.841
Swaziland,Freedom to make life choices,0.647
Comoros,Freedom to make life choices,0.548
Egypt,Freedom to make life choices,0.749
Ethiopia,Freedom to make life choices,0.752
Mauritania,Freedom to make life choices,0.561
Madagascar,Freedom to make life choices,0.552
Togo,Freedom to make life choices,0.619
Zambia,Freedom to make life choices,0.782
Sierra Leone,Freedom to make life choices,0.717
India,Freedom to make life choices,0.893
Burundi,Freedom to make life choices,0.626
Yemen,Freedom to make life choices,0.602
Tanzania,Freedom to make life choices,0.833
Haiti,Freedom to make life choices,0.593
Malawi,Freedom to make life choices,0.78
Lesotho,Freedom to make life choices,0.715
Botswana,Freedom to make life choices,0.824
Rwanda,Freedom to make life choices,0.897
Zimbabwe,Freedom to make life choices,0.677
Afghanistan,Freedom to make life choices,0.382
Finland,Generosity,-0.098
Denmark,Generosity,0.03
Switzerland,Generosity,0.025
Iceland,Generosity,0.16
Netherlands,Generosity,0.175
Norway,Generosity,0.093
Sweden,Generosity,0.086
Luxembourg,Generosity,-0.034
New Zealand,Generosity,0.134
Austria,Generosity,0.042
Australia,Generosity,0.159
Israel,Generosity,0.031
Germany,Generosity,0.011
Canada,Generosity,0.089
Ireland,Generosity,0.077
Costa Rica,Generosity,-0.126
United Kingdom,Generosity,0.233
Czech Republic,Generosity,-0.208
United States,Generosity,0.098
Belgium,Generosity,-0.153
France,Generosity,-0.147
Bahrain,Generosity,0.089
Malta,Generosity,0.133
United Arab Emirates,Generosity,0.074
Saudi Arabia,Generosity,-0.149
Spain,Generosity,-0.081
Italy,Generosity,-0.084
Slovenia,Generosity,-0.101
Guatemala,Generosity,-0.038
Uruguay,Generosity,-0.092
Singapore,Generosity,-0.018
Slovakia,Generosity,-0.124
Brazil,Generosity,-0.071
Mexico,Generosity,-0.147
Jamaica,Generosity,-0.137
Lithuania,Generosity,-0.203
Cyprus,Generosity,-0.015
Estonia,Generosity,-0.106
Panama,Generosity,-0.166
Uzbekistan,Generosity,0.311
Chile,Generosity,-0.044
Poland,Generosity,-0.165
Kazakhstan,Generosity,-0.069
Romania,Generosity,-0.219
Kuwait,Generosity,-0.104
Serbia,Generosity,0.002
El Salvador,Generosity,-0.11
Mauritius,Generosity,-0.054
Latvia,Generosity,-0.162
Colombia,Generosity,-0.135
Hungary,Generosity,-0.186
Thailand,Generosity,0.287
Nicaragua,Generosity,0.02
Japan,Generosity,-0.258
Argentina,Generosity,-0.182
Portugal,Generosity,-0.244
Honduras,Generosity,0.081
Croatia,Generosity,-0.118
Philippines,Generosity,-0.097
South Korea,Generosity,-0.083
Peru,Generosity,-0.154
Bosnia and Herzegovina,Generosity,0.113
Moldova,Generosity,-0.079
Ecuador,Generosity,-0.124
Kyrgyzstan,Generosity,0.119
Greece,Generosity,-0.288
Bolivia,Generosity,-0.077
Mongolia,Generosity,0.116
Paraguay,Generosity,0.028
Montenegro,Generosity,-0.034
Dominican Republic,Generosity,-0.133
Belarus,Generosity,-0.18
Russia,Generosity,-0.111
Hong Kong S.A.R. of China,Generosity,0.067
Tajikistan,Generosity,-0.056
Vietnam,Generosity,-0.098
Libya,Generosity,-0.087
Malaysia,Generosity,0.125
Indonesia,Generosity,0.542
Congo (Brazzaville),Generosity,-0.068
China,Generosity,-0.146
Ivory Coast,Generosity,-0.016
Armenia,Generosity,-0.168
Nepal,Generosity,0.152
Bulgaria,Generosity,-0.096
Maldives,Generosity,0.024
Azerbaijan,Generosity,-0.223
Cameroon,Generosity,0.026
Senegal,Generosity,-0.046
Albania,Generosity,-0.03
North Macedonia,Generosity,0.038
Ghana,Generosity,0.123
Niger,Generosity,0.018
Turkmenistan,Generosity,0.273
Gambia,Generosity,0.424
Benin,Generosity,-0.034
Laos,Generosity,0.123
Bangladesh,Generosity,-0.041
Guinea,Generosity,0.095
South Africa,Generosity,-0.067
Turkey,Generosity,-0.139
Pakistan,Generosity,0.098
Morocco,Generosity,-0.236
Venezuela,Generosity,-0.169
Georgia,Generosity,-0.238
Algeria,Generosity,-0.067
Ukraine,Generosity,-0.011
Iraq,Generosity,-0.053
Gabon,Generosity,-0.2
Burkina Faso,Generosity,-0.009
Cambodia,Generosity,0.034
Mozambique,Generosity,0.061
Nigeria,Generosity,0.037
Mali,Generosity,-0.036
Iran,Generosity,0.218
Uganda,Generosity,0.122
Liberia,Generosity,0.05
Kenya,Generosity,0.287
Tunisia,Generosity,-0.201
Lebanon,Generosity,-0.073
Namibia,Generosity,-0.149
Myanmar,Generosity,0.509
Jordan,Generosity,-0.167
Chad,Generosity,0.041
Sri Lanka,Generosity,0.079
Swaziland,Generosity,-0.185
Comoros,Generosity,0.082
Egypt,Generosity,-0.182
Ethiopia,Generosity,0.082
Mauritania,Generosity,-0.106
Madagascar,Generosity,-0.005
Togo,Generosity,0.032
Zambia,Generosity,0.061
Sierra Leone,Generosity,0.084
India,Generosity,0.089
Burundi,Generosity,-0.024
Yemen,Generosity,-0.147
Tanzania,Generosity,0.183
Haiti,Generosity,0.422
Malawi,Generosity,0.038
Lesotho,Generosity,-0.131
Botswana,Generosity,-0.246
Rwanda,Generosity,0.061
Zimbabwe,Generosity,-0.047
Afghanistan,Generosity,-0.102
Finland,Perceptions of corruption,0.186
Denmark,Perceptions of corruption,0.179
Switzerland,Perceptions of corruption,0.292
Iceland,Perceptions of corruption,0.673
Netherlands,Perceptions of corruption,0.338
Norway,Perceptions of corruption,0.27
Sweden,Perceptions of corruption,0.237
Luxembourg,Perceptions of corruption,0.386
New Zealand,Perceptions of corruption,0.242
Austria,Perceptions of corruption,0.481
Australia,Perceptions of corruption,0.442
Israel,Perceptions of corruption,0.753
Germany,Perceptions of corruption,0.46
Canada,Perceptions of corruption,0.415
Ireland,Perceptions of corruption,0.363
Costa Rica,Perceptions of corruption,0.809
United Kingdom,Perceptions of corruption,0.459
Czech Republic,Perceptions of corruption,0.868
United States,Perceptions of corruption,0.698
Belgium,Perceptions of corruption,0.646
France,Perceptions of corruption,0.571
Bahrain,Perceptions of corruption,0.722
Malta,Perceptions of corruption,0.653
United Arab Emirates,Perceptions of corruption,0.589
Saudi Arabia,Perceptions of corruption,0.684
Spain,Perceptions of corruption,0.745
Italy,Perceptions of corruption,0.866
Slovenia,Perceptions of corruption,0.806
Guatemala,Perceptions of corruption,0.775
Uruguay,Perceptions of corruption,0.59
Singapore,Perceptions of corruption,0.082
Slovakia,Perceptions of corruption,0.911
Brazil,Perceptions of corruption,0.756
Mexico,Perceptions of corruption,0.799
Jamaica,Perceptions of corruption,0.884
Lithuania,Perceptions of corruption,0.826
Cyprus,Perceptions of corruption,0.844
Estonia,Perceptions of corruption,0.527
Panama,Perceptions of corruption,0.856
Uzbekistan,Perceptions of corruption,0.515
Chile,Perceptions of corruption,0.83
Poland,Perceptions of corruption,0.735
Kazakhstan,Perceptions of corruption,0.733
Romania,Perceptions of corruption,0.938
Kuwait,Perceptions of corruption,0.736
Serbia,Perceptions of corruption,0.835
El Salvador,Perceptions of corruption,0.688
Mauritius,Perceptions of corruption,0.789
Latvia,Perceptions of corruption,0.8
Colombia,Perceptions of corruption,0.841
Hungary,Perceptions of corruption,0.876
Thailand,Perceptions of corruption,0.895
Nicaragua,Perceptions of corruption,0.664
Japan,Perceptions of corruption,0.638
Argentina,Perceptions of corruption,0.834
Portugal,Perceptions of corruption,0.887
Honduras,Perceptions of corruption,0.809
Croatia,Perceptions of corruption,0.939
Philippines,Perceptions of corruption,0.742
South Korea,Perceptions of corruption,0.727
Peru,Perceptions of corruption,0.891
Bosnia and Herzegovina,Perceptions of corruption,0.931
Moldova,Perceptions of corruption,0.918
Ecuador,Perceptions of corruption,0.843
Kyrgyzstan,Perceptions of corruption,0.908
Greece,Perceptions of corruption,0.823
Bolivia,Perceptions of corruption,0.839
Mongolia,Perceptions of corruption,0.856
Paraguay,Perceptions of corruption,0.882
Montenegro,Perceptions of corruption,0.812
Dominican Republic,Perceptions of corruption,0.714
Belarus,Perceptions of corruption,0.627
Russia,Perceptions of corruption,0.845
Hong Kong S.A.R. of China,Perceptions of corruption,0.403
Tajikistan,Perceptions of corruption,0.553
Vietnam,Perceptions of corruption,0.796
Libya,Perceptions of corruption,0.667
Malaysia,Perceptions of corruption,0.839
Indonesia,Perceptions of corruption,0.867
Congo (Brazzaville),Perceptions of corruption,0.745
China,Perceptions of corruption,0.755
Ivory Coast,Perceptions of corruption,0.794
Armenia,Perceptions of corruption,0.629
Nepal,Perceptions of corruption,0.727
Bulgaria,Perceptions of corruption,0.932
Maldives,Perceptions of corruption,0.825
Azerbaijan,Perceptions of corruption,0.506
Cameroon,Perceptions of corruption,0.848
Senegal,Perceptions of corruption,0.801
Albania,Perceptions of corruption,0.901
North Macedonia,Perceptions of corruption,0.905
Ghana,Perceptions of corruption,0.848
Niger,Perceptions of corruption,0.693
Turkmenistan,Perceptions of corruption,0.888
Gambia,Perceptions of corruption,0.746
Benin,Perceptions of corruption,0.661
Laos,Perceptions of corruption,0.658
Bangladesh,Perceptions of corruption,0.682
Guinea,Perceptions of corruption,0.766
South Africa,Perceptions of corruption,0.86
Turkey,Perceptions of corruption,0.776
Pakistan,Perceptions of corruption,0.787
Morocco,Perceptions of corruption,0.801
Venezuela,Perceptions of corruption,0.827
Georgia,Perceptions of corruption,0.655
Algeria,Perceptions of corruption,0.752
Ukraine,Perceptions of corruption,0.924
Iraq,Perceptions of corruption,0.875
Gabon,Perceptions of corruption,0.84
Burkina Faso,Perceptions of corruption,0.748
Cambodia,Perceptions of corruption,0.843
Mozambique,Perceptions of corruption,0.684
Nigeria,Perceptions of corruption,0.878
Mali,Perceptions of corruption,0.827
Iran,Perceptions of corruption,0.714
Uganda,Perceptions of corruption,0.855
Liberia,Perceptions of corruption,0.85
Kenya,Perceptions of corruption,0.825
Tunisia,Perceptions of corruption,0.87
Lebanon,Perceptions of corruption,0.898
Namibia,Perceptions of corruption,0.847
Myanmar,Perceptions of corruption,0.66
Jordan,Perceptions of corruption,0.705
Chad,Perceptions of corruption,0.807
Sri Lanka,Perceptions of corruption,0.863
Swaziland,Perceptions of corruption,0.708
Comoros,Perceptions of corruption,0.781
Egypt,Perceptions of corruption,0.795
Ethiopia,Perceptions of corruption,0.761
Mauritania,Perceptions of corruption,0.731
Madagascar,Perceptions of corruption,0.803
Togo,Perceptions of corruption,0.772
Zambia,Perceptions of corruption,0.823
Sierra Leone,Perceptions of corruption,0.866
India,Perceptions of corruption,0.774
Burundi,Perceptions of corruption,0.607
Yemen,Perceptions of corruption,0.8
Tanzania,Perceptions of corruption,0.577
Haiti,Perceptions of corruption,0.721
Malawi,Perceptions of corruption,0.729
Lesotho,Perceptions of corruption,0.915
Botswana,Perceptions of corruption,0.801
Rwanda,Perceptions of corruption,0.167
Zimbabwe,Perceptions of corruption,0.821
Afghanistan,Perceptions of corruption,0.924
Finland,IS_HAPPY,1.0
Denmark,IS_HAPPY,1.0
Switzerland,IS_HAPPY,1.0
Iceland,IS_HAPPY,1.0
Netherlands,IS_HAPPY,1.0
Norway,IS_HAPPY,1.0
Sweden,IS_HAPPY,1.0
Luxembourg,IS_HAPPY,1.0
New Zealand,IS_HAPPY,1.0
Austria,IS_HAPPY,1.0
Australia,IS_HAPPY,1.0
Israel,IS_HAPPY,1.0
Germany,IS_HAPPY,1.0
Canada,IS_HAPPY,1.0
Ireland,IS_HAPPY,1.0
Costa Rica,IS_HAPPY,1.0
United Kingdom,IS_HAPPY,1.0
Czech Republic,IS_HAPPY,1.0
United States,IS_HAPPY,1.0
Belgium,IS_HAPPY,1.0
France,IS_HAPPY,1.0
Bahrain,IS_HAPPY,1.0
Malta,IS_HAPPY,1.0
United Arab Emirates,IS_HAPPY,1.0
Saudi Arabia,IS_HAPPY,1.0
Spain,IS_HAPPY,1.0
Italy,IS_HAPPY,1.0
Slovenia,IS_HAPPY,1.0
Guatemala,IS_HAPPY,1.0
Uruguay,IS_HAPPY,1.0
Singapore,IS_HAPPY,1.0
Slovakia,IS_HAPPY,1.0
Brazil,IS_HAPPY,1.0
Mexico,IS_HAPPY,1.0
Jamaica,IS_HAPPY,1.0
Lithuania,IS_HAPPY,1.0
Cyprus,IS_HAPPY,1.0
Estonia,IS_HAPPY,1.0
Panama,IS_HAPPY,1.0
Uzbekistan,IS_HAPPY,1.0
Chile,IS_HAPPY,1.0
Poland,IS_HAPPY,1.0
Kazakhstan,IS_HAPPY,1.0
Romania,IS_HAPPY,1.0
Kuwait,IS_HAPPY,1.0
Serbia,IS_HAPPY,1.0
El Salvador,IS_HAPPY,1.0
Mauritius,IS_HAPPY,1.0
Latvia,IS_HAPPY,1.0
Colombia,IS_HAPPY,1.0
Hungary,IS_HAPPY,1.0
Thailand,IS_HAPPY,1.0
Nicaragua,IS_HAPPY,1.0
Japan,IS_HAPPY,1.0
Argentina,IS_HAPPY,1.0
Portugal,IS_HAPPY,1.0
Honduras,IS_HAPPY,1.0
Croatia,IS_HAPPY,1.0
Philippines,IS_HAPPY,1.0
South Korea,IS_HAPPY,1.0
Peru,IS_HAPPY,1.0
Bosnia and Herzegovina,IS_HAPPY,1.0
Moldova,IS_HAPPY,1.0
Ecuador,IS_HAPPY,1.0
Kyrgyzstan,IS_HAPPY,1.0
Greece,IS_HAPPY,1.0
Bolivia,IS_HAPPY,1.0
Mongolia,IS_HAPPY,1.0
Paraguay,IS_HAPPY,1.0
Montenegro,IS_HAPPY,1.0
Dominican Republic,IS_HAPPY,1.0
Belarus,IS_HAPPY,1.0
Russia,IS_HAPPY,0.0
Hong Kong S.A.R. of China,IS_HAPPY,0.0
Tajikistan,IS_HAPPY,0.0
Vietnam,IS_HAPPY,0.0
Libya,IS_HAPPY,0.0
Malaysia,IS_HAPPY,0.0
Indonesia,IS_HAPPY,0.0
Congo (Brazzaville),IS_HAPPY,0.0
China,IS_HAPPY,0.0
Ivory Coast,IS_HAPPY,0.0
Armenia,IS_HAPPY,0.0
Nepal,IS_HAPPY,0.0
Bulgaria,IS_HAPPY,0.0
Maldives,IS_HAPPY,0.0
Azerbaijan,IS_HAPPY,0.0
Cameroon,IS_HAPPY,0.0
Senegal,IS_HAPPY,0.0
Albania,IS_HAPPY,0.0
North Macedonia,IS_HAPPY,0.0
Ghana,IS_HAPPY,0.0
Niger,IS_HAPPY,0.0
Turkmenistan,IS_HAPPY,0.0
Gambia,IS_HAPPY,0.0
Benin,IS_HAPPY,0.0
Laos,IS_HAPPY,0.0
Bangladesh,IS_HAPPY,0.0
Guinea,IS_HAPPY,0.0
South Africa,IS_HAPPY,0.0
Turkey,IS_HAPPY,0.0
Pakistan,IS_HAPPY,0.0
Morocco,IS_HAPPY,0.0
Venezuela,IS_HAPPY,0.0
Georgia,IS_HAPPY,0.0
Algeria,IS_HAPPY,0.0
Ukraine,IS_HAPPY,0.0
Iraq,IS_HAPPY,0.0
Gabon,IS_HAPPY,0.0
Burkina Faso,IS_HAPPY,0.0
Cambodia,IS_HAPPY,0.0
Mozambique,IS_HAPPY,0.0
Nigeria,IS_HAPPY,0.0
Mali,IS_HAPPY,0.0
Iran,IS_HAPPY,0.0
Uganda,IS_HAPPY,0.0
Liberia,IS_HAPPY,0.0
Kenya,IS_HAPPY,0.0
Tunisia,IS_HAPPY,0.0
Lebanon,IS_HAPPY,0.0
Namibia,IS_HAPPY,0.0
Myanmar,IS_HAPPY,0.0
Jordan,IS_HAPPY,0.0
Chad,IS_HAPPY,0.0
Sri Lanka,IS_HAPPY,0.0
Swaziland,IS_HAPPY,0.0
Comoros,IS_HAPPY,0.0
Egypt,IS_HAPPY,0.0
Ethiopia,IS_HAPPY,0.0
Mauritania,IS_HAPPY,0.0
Madagascar,IS_HAPPY,0.0
Togo,IS_HAPPY,0.0
Zambia,IS_HAPPY,0.0
Sierra Leone,IS_HAPPY,0.0
India,IS_HAPPY,0.0
Burundi,IS_HAPPY,0.0
Yemen,IS_HAPPY,0.0
Tanzania,IS_HAPPY,0.0
Haiti,IS_HAPPY,0.0
Malawi,IS_HAPPY,0.0
Lesotho,IS_HAPPY,0.0
Botswana,IS_HAPPY,0.0
Rwanda,IS_HAPPY,0.0
Zimbabwe,IS_HAPPY,0.0
Afghanistan,IS_HAPPY,0.0
Finland,Unemployment rate,7.525000095
Denmark,Unemployment rate,4.797999859
Switzerland,Unemployment rate,5.321000099
Iceland,Unemployment rate,5.401000023
Netherlands,Unemployment rate,4.010000229
Norway,Unemployment rate,4.985000134
Sweden,Unemployment rate,8.661000252
Luxembourg,Unemployment rate,5.227000237
New Zealand,Unemployment rate,4.124000072
Austria,Unemployment rate,6.301000118
Australia,Unemployment rate,5.111999989
Israel,Unemployment rate,5.045000076
Germany,Unemployment rate,3.535000086
Canada,Unemployment rate,7.510000229
Ireland,Unemployment rate,6.632999897
Costa Rica,Unemployment rate,17.95400047
United Kingdom,Unemployment rate,4.526000023
Czech Republic,Unemployment rate,2.887000084
United States,Unemployment rate,5.464000225
Belgium,Unemployment rate,6.420000076
France,Unemployment rate,8.062999725
Bahrain,Unemployment rate,1.873999953
Malta,Unemployment rate,3.499000072
United Arab Emirates,Unemployment rate,3.35800004
Saudi Arabia,Unemployment rate,7.357999802
Spain,Unemployment rate,14.7329998
Italy,Unemployment rate,9.833999634
Slovenia,Unemployment rate,4.422999859
Guatemala,Unemployment rate,3.572000027
Uruguay,Unemployment rate,10.44699955
Singapore,Unemployment rate,3.624000072
Slovakia,Unemployment rate,6.739999771
Brazil,Unemployment rate,14.40299988
Mexico,Unemployment rate,4.379000187
Jamaica,Unemployment rate,9.18200016
Lithuania,Unemployment rate,7.902999878
Cyprus,Unemployment rate,6.130000114
Estonia,Unemployment rate,6.330999851
Panama,Unemployment rate,12.0880003
Uzbekistan,Unemployment rate,7.160999775
Chile,Unemployment rate,9.128000259
Poland,Unemployment rate,3.368000031
Kazakhstan,Unemployment rate,4.900000095
Romania,Unemployment rate,5.169000149
Kuwait,Unemployment rate,3.713999987
Serbia,Unemployment rate,11.80700016
El Salvador,Unemployment rate,5.940000057
Mauritius,Unemployment rate,7.414000034
Latvia,Unemployment rate,7.599999905
Colombia,Unemployment rate,14.33600044
Hungary,Unemployment rate,4.116000175
Thailand,Unemployment rate,1.417999983
Nicaragua,Unemployment rate,5.956999779
Japan,Unemployment rate,2.799000025
Argentina,Unemployment rate,10.90200043
Portugal,Unemployment rate,6.646999836
Honduras,Unemployment rate,8.512999535
Croatia,Unemployment rate,8.682999611
Philippines,Unemployment rate,2.405999899
South Korea,Unemployment rate,3.532000065
Peru,Unemployment rate,4.833000183
Bosnia and Herzegovina,Unemployment rate,15.21500015
Moldova,Unemployment rate,3.961999893
Ecuador,Unemployment rate,6.427000046
Kyrgyzstan,Unemployment rate,9.104000092
Greece,Unemployment rate,14.79500008
Bolivia,Unemployment rate,8.508999825
Mongolia,Unemployment rate,7.081999779
Paraguay,Unemployment rate,7.205999851
Montenegro,Unemployment rate,18.48699951
Dominican Republic,Unemployment rate,8.49600029
Belarus,Unemployment rate,4.736000061
Russia,Unemployment rate,5.010000229
Hong Kong S.A.R. of China,Unemployment rate,5.315000057
Tajikistan,Unemployment rate,7.754000187
Vietnam,Unemployment rate,2.165999889
Libya,Unemployment rate,19.58399963
Malaysia,Unemployment rate,4.609000206
Indonesia,Unemployment rate,4.413000107
Congo (Brazzaville),Unemployment rate,23.01099968
China,Unemployment rate,4.816999912
Ivory Coast,Unemployment rate,3.467999935
Armenia,Unemployment rate,20.89699936
Nepal,Unemployment rate,5.052000046
Bulgaria,Unemployment rate,5.423999786
Maldives,Unemployment rate,6.078000069
Azerbaijan,Unemployment rate,6.583000183
Cameroon,Unemployment rate,3.86500001
Senegal,Unemployment rate,3.72300005
Albania,Unemployment rate,11.81900024
North Macedonia,Unemployment rate,16.20299911
Ghana,Unemployment rate,4.703999996
Niger,Unemployment rate,0.750999987
Turkmenistan,Unemployment rate,5.080999851
Gambia,Unemployment rate,11.21199989
Benin,Unemployment rate,1.574000001
Laos,Unemployment rate,1.258000016
Bangladesh,Unemployment rate,5.229000092
Guinea,Unemployment rate,6.342000008
South Africa,Unemployment rate,33.55899811
Turkey,Unemployment rate,13.38599968
Pakistan,Unemployment rate,4.352000237
Morocco,Unemployment rate,11.46700001
Venezuela,Unemployment rate,6.413000107
Georgia,Unemployment rate,10.6590004
Algeria,Unemployment rate,12.70400047
Ukraine,Unemployment rate,8.87899971
Iraq,Unemployment rate,14.19200039
Gabon,Unemployment rate,22.26499939
Burkina Faso,Unemployment rate,4.757999897
Cambodia,Unemployment rate,0.611999989
Mozambique,Unemployment rate,3.982000113
Nigeria,Unemployment rate,9.788000107
Mali,Unemployment rate,7.71999979
Iran,Unemployment rate,11.46100044
Uganda,Unemployment rate,2.936000109
Liberia,Unemployment rate,4.09499979
Kenya,Unemployment rate,5.742000103
Tunisia,Unemployment rate,16.8239994
Lebanon,Unemployment rate,14.48799992
Namibia,Unemployment rate,21.6779995
Myanmar,Unemployment rate,2.173000097
Jordan,Unemployment rate,19.25200081
Chad,Unemployment rate,1.881999969
Sri Lanka,Unemployment rate,5.394999981
Swaziland,Unemployment rate,25.75600052
Comoros,Unemployment rate,9.44699955
Egypt,Unemployment rate,9.329000473
Ethiopia,Unemployment rate,3.694000006
Mauritania,Unemployment rate,11.4630003
Madagascar,Unemployment rate,2.594000101
Togo,Unemployment rate,4.004000187
Zambia,Unemployment rate,13.02600002
Sierra Leone,Unemployment rate,5.333000183
India,Unemployment rate,5.978000164
Burundi,Unemployment rate,1.792000055
Yemen,Unemployment rate,13.57400036
Tanzania,Unemployment rate,2.648999929
Haiti,Unemployment rate,15.72599983
Malawi,Unemployment rate,7.020999908
Lesotho,Unemployment rate,24.59799957
Botswana,Unemployment rate,24.72200012
Rwanda,Unemployment rate,1.606999993
Zimbabwe,Unemployment rate,5.173999786
Afghanistan,Unemployment rate,13.28299999
Finland,Index of institutional trust,0.55
Denmark,Index of institutional trust,0.572
Switzerland,Index of institutional trust,0.66
Iceland,Index of institutional trust,0.325
Netherlands,Index of institutional trust,0.522
Norway,Index of institutional trust,0.606
Sweden,Index of institutional trust,0.451
Luxembourg,Index of institutional trust,0.595
New Zealand,Index of institutional trust,0.527
Austria,Index of institutional trust,0.358
Australia,Index of institutional trust,0.335
Israel,Index of institutional trust,0.262
Germany,Index of institutional trust,0.435
Canada,Index of institutional trust,0.482
Ireland,Index of institutional trust,0.431
Costa Rica,Index of institutional trust,0.213
United Kingdom,Index of institutional trust,0.268
Czech Republic,Index of institutional trust,0.29
United States,Index of institutional trust,0.25
Belgium,Index of institutional trust,0.303
France,Index of institutional trust,0.234
Bahrain,Index of institutional trust,0.487
Malta,Index of institutional trust,0.403
United Arab Emirates,Index of institutional trust,0.694
Saudi Arabia,Index of institutional trust,0.651
Spain,Index of institutional trust,0.143
Italy,Index of institutional trust,0.076
Slovenia,Index of institutional trust,0.177
Guatemala,Index of institutional trust,0.286
Uruguay,Index of institutional trust,0.247
Singapore,Index of institutional trust,0.869
Slovakia,Index of institutional trust,0.195
Brazil,Index of institutional trust,0.115
Mexico,Index of institutional trust,0.129
Jamaica,Index of institutional trust,0.133
Lithuania,Index of institutional trust,0.189
Cyprus,Index of institutional trust,0.174
Estonia,Index of institutional trust,0.27
Panama,Index of institutional trust,0.182
Uzbekistan,Index of institutional trust,0.435
Chile,Index of institutional trust,0.097
Poland,Index of institutional trust,0.304
Kazakhstan,Index of institutional trust,0.352
Romania,Index of institutional trust,0.1
Kuwait,Index of institutional trust,0.388
Serbia,Index of institutional trust,0.221
El Salvador,Index of institutional trust,0.239
Mauritius,Index of institutional trust,0.411
Latvia,Index of institutional trust,0.096
Colombia,Index of institutional trust,0.113
Hungary,Index of institutional trust,0.253
Thailand,Index of institutional trust,0.354
Nicaragua,Index of institutional trust,0.28
Japan,Index of institutional trust,0.317
Argentina,Index of institutional trust,0.091
Portugal,Index of institutional trust,0.248
Honduras,Index of institutional trust,0.209
Croatia,Index of institutional trust,0.131
Philippines,Index of institutional trust,0.52
South Korea,Index of institutional trust,0.112
Peru,Index of institutional trust,0.096
Bosnia and Herzegovina,Index of institutional trust,0.064
Moldova,Index of institutional trust,0.104
Ecuador,Index of institutional trust,0.205
Kyrgyzstan,Index of institutional trust,0.186
Greece,Index of institutional trust,0.124
Bolivia,Index of institutional trust,0.101
Mongolia,Index of institutional trust,0.102
Paraguay,Index of institutional trust,0.138
Montenegro,Index of institutional trust,0.216
Dominican Republic,Index of institutional trust,0.199
Belarus,Index of institutional trust,0.242
Russia,Index of institutional trust,0.196
Hong Kong S.A.R. of China,Index of institutional trust,0.318
Tajikistan,Index of institutional trust,0.554
Vietnam,Index of institutional trust,0.49
Libya,Index of institutional trust,0.311
Malaysia,Index of institutional trust,0.443
Indonesia,Index of institutional trust,0.561
Congo (Brazzaville),Index of institutional trust,0.238
China,Index of institutional trust,0.516
Ivory Coast,Index of institutional trust,0.285
Armenia,Index of institutional trust,0.174
Nepal,Index of institutional trust,0.392
Bulgaria,Index of institutional trust,0.073
Maldives,Index of institutional trust,0.327
Azerbaijan,Index of institutional trust,0.352
Cameroon,Index of institutional trust,0.281
Senegal,Index of institutional trust,0.355
Albania,Index of institutional trust,0.15
North Macedonia,Index of institutional trust,0.105
Ghana,Index of institutional trust,0.305
Niger,Index of institutional trust,0.484
Turkmenistan,Index of institutional trust,0.511
Gambia,Index of institutional trust,0.489
Benin,Index of institutional trust,0.398
Laos,Index of institutional trust,0.708
Bangladesh,Index of institutional trust,0.577
Guinea,Index of institutional trust,0.349
South Africa,Index of institutional trust,0.193
Turkey,Index of institutional trust,0.295
Pakistan,Index of institutional trust,0.277
Morocco,Index of institutional trust,0.397
Venezuela,Index of institutional trust,0.12
Georgia,Index of institutional trust,0.198
Algeria,Index of institutional trust,0.415
Ukraine,Index of institutional trust,0.059
Iraq,Index of institutional trust,0.133
Gabon,Index of institutional trust,0.104
Burkina Faso,Index of institutional trust,0.359
Cambodia,Index of institutional trust,0.498
Mozambique,Index of institutional trust,0.473
Nigeria,Index of institutional trust,0.2
Mali,Index of institutional trust,0.274
Iran,Index of institutional trust,0.367
Uganda,Index of institutional trust,0.239
Liberia,Index of institutional trust,0.273
Kenya,Index of institutional trust,0.331
Tunisia,Index of institutional trust,0.129
Lebanon,Index of institutional trust,0.107
Namibia,Index of institutional trust,0.311
Myanmar,Index of institutional trust,0.621
Jordan,Index of institutional trust,0.465
Chad,Index of institutional trust,0.269
Sri Lanka,Index of institutional trust,0.368
Swaziland,Index of institutional trust,0.371
Comoros,Index of institutional trust,0.139
Egypt,Index of institutional trust,0.446
Ethiopia,Index of institutional trust,0.397
Mauritania,Index of institutional trust,0.122
Madagascar,Index of institutional trust,0.312
Togo,Index of institutional trust,0.212
Zambia,Index of institutional trust,0.322
Sierra Leone,Index of institutional trust,0.338
India,Index of institutional trust,0.526
Burundi,Index of institutional trust,0.293
Yemen,Index of institutional trust,0.267
Tanzania,Index of institutional trust,0.621
Haiti,Index of institutional trust,0.216
Malawi,Index of institutional trust,0.323
Lesotho,Index of institutional trust,0.279
Botswana,Index of institutional trust,0.435
Rwanda,Index of institutional trust,0.906
Zimbabwe,Index of institutional trust,0.287
Afghanistan,Index of institutional trust,0.046
Finland,Gini coefficient of income,25.9
Denmark,Gini coefficient of income,27.8
Switzerland,Gini coefficient of income,30.1
Iceland,Gini coefficient of income,24.1
Netherlands,Gini coefficient of income,27.0
Norway,Gini coefficient of income,24.8
Sweden,Gini coefficient of income,27.0
Luxembourg,Gini coefficient of income,30.9
New Zealand,Gini coefficient of income,34.1
Austria,Gini coefficient of income,26.8
Australia,Gini coefficient of income,33.0
Israel,Gini coefficient of income,34.4
Germany,Gini coefficient of income,31.1
Canada,Gini coefficient of income,35.25
Ireland,Gini coefficient of income,30.6
Costa Rica,Gini coefficient of income,48.6
United Kingdom,Gini coefficient of income,34.07
Czech Republic,Gini coefficient of income,24.0
United States,Gini coefficient of income,47.51
Belgium,Gini coefficient of income,25.6
France,Gini coefficient of income,29.3
Bahrain,Gini coefficient of income,59.6
Malta,Gini coefficient of income,28.7
United Arab Emirates,Gini coefficient of income,38.3
Saudi Arabia,Gini coefficient of income,45.9
Spain,Gini coefficient of income,33.2
Italy,Gini coefficient of income,33.4
Slovenia,Gini coefficient of income,23.4
Guatemala,Gini coefficient of income,44.488
Uruguay,Gini coefficient of income,39.25
Singapore,Gini coefficient of income,45.2
Slovakia,Gini coefficient of income,23.2
Brazil,Gini coefficient of income,54.0
Mexico,Gini coefficient of income,47.5
Jamaica,Gini coefficient of income,37.48
Lithuania,Gini coefficient of income,36.9
Cyprus,Gini coefficient of income,29.1
Estonia,Gini coefficient of income,30.6
Panama,Gini coefficient of income,49.8
Uzbekistan,Gini coefficient of income,39.7
Chile,Gini coefficient of income,45.92
Poland,Gini coefficient of income,27.8
Kazakhstan,Gini coefficient of income,27.45
Romania,Gini coefficient of income,35.1
Kuwait,Gini coefficient of income,36.02
Serbia,Gini coefficient of income,37.8
El Salvador,Gini coefficient of income,40.5
Mauritius,Gini coefficient of income,38.47
Latvia,Gini coefficient of income,35.6
Colombia,Gini coefficient of income,52.0
Hungary,Gini coefficient of income,28.7
Thailand,Gini coefficient of income,35.315
Nicaragua,Gini coefficient of income,46.515
Japan,Gini coefficient of income,33.9
Argentina,Gini coefficient of income,39.6
Portugal,Gini coefficient of income,32.1
Honduras,Gini coefficient of income,48.1
Croatia,Gini coefficient of income,29.7
Philippines,Gini coefficient of income,42.23
South Korea,Gini coefficient of income,35.5
Peru,Gini coefficient of income,43.9
Bosnia and Herzegovina,Gini coefficient of income,33.03
Moldova,Gini coefficient of income,25.9
Ecuador,Gini coefficient of income,45.4
Kyrgyzstan,Gini coefficient of income,27.34
Greece,Gini coefficient of income,32.3
Bolivia,Gini coefficient of income,43.8
Mongolia,Gini coefficient of income,32.35
Paraguay,Gini coefficient of income,47.4
Montenegro,Gini coefficient of income,31.93
Dominican Republic,Gini coefficient of income,44.4
Belarus,Gini coefficient of income,25.44
Russia,Gini coefficient of income,34.56
Hong Kong S.A.R. of China,Gini coefficient of income,48.275
Tajikistan,Gini coefficient of income,34.0
Vietnam,Gini coefficient of income,40.1
Libya,Gini coefficient of income,30.2
Malaysia,Gini coefficient of income,41.04
Indonesia,Gini coefficient of income,37.478
Congo (Brazzaville),Gini coefficient of income,48.94
China,Gini coefficient of income,46.7
Ivory Coast,Gini coefficient of income,48.594
Armenia,Gini coefficient of income,33.62
Nepal,Gini coefficient of income,32.84
Bulgaria,Gini coefficient of income,39.6
Maldives,Gini coefficient of income,37.343
Azerbaijan,Gini coefficient of income,26.6
Cameroon,Gini coefficient of income,46.64
Senegal,Gini coefficient of income,40.29
Albania,Gini coefficient of income,28.96
North Macedonia,Gini coefficient of income,32.4
Ghana,Gini coefficient of income,43.52
Niger,Gini coefficient of income,34.28
Turkmenistan,Gini coefficient of income,26.5
Gambia,Gini coefficient of income,35.92
Benin,Gini coefficient of income,47.76
Laos,Gini coefficient of income,36.39
Bangladesh,Gini coefficient of income,43.973
Guinea,Gini coefficient of income,33.73
South Africa,Gini coefficient of income,65.426
Turkey,Gini coefficient of income,40.55
Pakistan,Gini coefficient of income,33.45
Morocco,Gini coefficient of income,39.55
Venezuela,Gini coefficient of income,37.8
Georgia,Gini coefficient of income,37.94
Algeria,Gini coefficient of income,27.62
Ukraine,Gini coefficient of income,25.0
Iraq,Gini coefficient of income,33.12
Gabon,Gini coefficient of income,38.02
Burkina Faso,Gini coefficient of income,35.3
Cambodia,Gini coefficient of income,36.0
Mozambique,Gini coefficient of income,49.417
Nigeria,Gini coefficient of income,44.894
Mali,Gini coefficient of income,33.04
Iran,Gini coefficient of income,39.97
Uganda,Gini coefficient of income,42.75
Liberia,Gini coefficient of income,35.27
Kenya,Gini coefficient of income,40.78
Tunisia,Gini coefficient of income,32.82
Lebanon,Gini coefficient of income,31.83
Namibia,Gini coefficient of income,57.535
Myanmar,Gini coefficient of income,38.07
Jordan,Gini coefficient of income,33.1
Chad,Gini coefficient of income,43.32
Sri Lanka,Gini coefficient of income,41.937
Swaziland,Gini coefficient of income,51.45
Comoros,Gini coefficient of income,45.33
Egypt,Gini coefficient of income,31.56
Ethiopia,Gini coefficient of income,33.498
Mauritania,Gini coefficient of income,32.62
Madagascar,Gini coefficient of income,42.65
Togo,Gini coefficient of income,43.06
Zambia,Gini coefficient of income,57.14
Sierra Leone,Gini coefficient of income,34.03
India,Gini coefficient of income,39.334
Burundi,Gini coefficient of income,38.62
Yemen,Gini coefficient of income,36.71
Tanzania,Gini coefficient of income,37.78
Haiti,Gini coefficient of income,50.945
Malawi,Gini coefficient of income,44.69
Lesotho,Gini coefficient of income,54.18
Botswana,Gini coefficient of income,53.33
Rwanda,Gini coefficient of income,43.71
Zimbabwe,Gini coefficient of income,40.363
Afghanistan,Gini coefficient of income,31.0
